﻿<?xml version="1.0" encoding="utf-8"?>
<TypeDefinition>
  <Components>
    <Component type="Bin" id="Div" classname="Div" module="XComCmp" version="1000"/>
    <Component type="Bin" id="Button" classname="Button" module="XComCmp" version="1000"/>
    <Component type="Bin" id="PopupDiv" classname="PopupDiv" module="XComCmp" version="1000"/>
    <Component type="Bin" id="Combo" classname="Combo" module="XComCmp" version="1000"/>
    <Component type="Bin" id="CheckBox" classname="CheckBox" module="XComCmp" version="1000"/>
    <Component type="Bin" id="ListBox" classname="ListBox" module="XComCmp" version="1000"/>
    <Component type="Bin" id="Edit" classname="Edit" module="XComCmp" version="1000"/>
    <Component type="Bin" id="MaskEdit" classname="MaskEdit" module="XComCmp" version="1000"/>
    <Component type="Bin" id="TextArea" classname="TextArea" module="XComCmp" version="1000"/>
    <Component type="Bin" id="Menu" classname="Menu" module="XComCmp" version="1000"/>
    <Component type="Bin" id="Tab" classname="Tab" module="XComCmp" version="1000"/>
    <Component type="Bin" id="ImageViewer" classname="ImageViewer" module="XComCmp" version="1000"/>
    <Component type="Bin" id="Radio" classname="Radio" module="XComCmp" version="1000"/>
    <Component type="Bin" id="Shape" classname="Shape" module="XComCmp" version="1000"/>
    <Component type="Bin" id="Calendar" classname="Calendar" module="XComCmp" version="1000"/>
    <Component type="Bin" id="Static" classname="Static" module="XComCmp" version="1000"/>
    <Component type="Bin" id="Grid" classname="Grid" module="XGridCmp" version="1000"/>
    <Component type="Bin" id="Spin" classname="Spin" module="XComCmp" version="1000"/>
    <Component type="Bin" id="PopupMenu" classname="PopupMenu" module="XComCmp" version="1000"/>
    <Component type="Bin" id="Splitter" classname="Splitter" module="XComCmp" version="1000"/>
    <Component type="Bin" id="GroupBox" classname="GroupBox" module="XComCmp" version="1000"/>
    <Component type="Bin" id="ProgressBar" classname="ProgressBar" module="XComCmp" version="1000"/>
    <Component type="Bin" id="ActiveX" classname="ActiveX" module="XAxCmp" version="1000"/>
    <Component type="Bin" id="PropertyAnimation" classname="PropertyAnimation" module="XPlatformLib" version="1000"/>
    <Component type="Bin" id="TransitionAnimation" classname="TransitionAnimation" module="XPlatformLib" version="1000"/>
    <Component type="Bin" id="MoveAnimation" classname="MoveAnimation" module="XPlatformLib" version="1000"/>
    <Component type="Bin" id="CompositeAnimation" classname="CompositeAnimation" module="XPlatformLib" version="1000"/>
    <Component type="Bin" id="Dataset" classname="Dataset" module="XPlatformLib" version="1000"/>
    <Component type="Bin" id="FilteredDataset" classname="FilteredDataset" module="XClassLib" version="1000"/>
    <Component type="Bin" id="FileDialog" classname="FileDialog" module="XComCmp" version="1000"/>
    <Component type="Bin" id="GraphicPath" classname="GraphicPath" module="XComCmp" version="1000"/>
    <Component type="Bin" id="VirtualFile" classname="VirtualFile" module="XComCmp" version="1000"/>
  </Components>
  <Services>
    <Service prefixid="svcBase" type="JSP" url="http://localhost:8282/SkyBlue/base/" communicationversion="0" version="0"/>
    <Service prefixid="svcHrAttendance" type="JSP" url="http://localhost:8282/SkyBlue/hr/attendance/" communicationversion="0" version="0"/>
    <Service prefixid="svcHrCircumstance" type="JSP" url="http://localhost:8282/SkyBlue/hr/circumstance/" communicationversion="0" version="0"/>
    <Service prefixid="svcHrPay" type="JSP" url="http://localhost:8282/SkyBlue/hr/pay/" communicationversion="0" version="0"/>
    <Service prefixid="svcHrPM" type="JSP" url="http://localhost:8282/SkyBlue/hr/pm/" communicationversion="0" version="0"/>
    <Service prefixid="Base" type="form" url="./Base/" communicationversion="0" version="0"/>
    <Service prefixid="HrAttendance" type="form" url="./HrAttendance/" communicationversion="0" version="0"/>
    <Service prefixid="HrCircumstance" type="form" url="./HrCircumstance/" communicationversion="0" version="0"/>
    <Service prefixid="HrPay" type="form" url="./HrPay/" communicationversion="0" version="0"/>
    <Service prefixid="HrPm" type="form" url="./HrPm/" communicationversion="0" version="0"/>
  </Services>
  <Update/>
</TypeDefinition>
